agent,env,corruption_type,epsilon,d,m,T,mean_regret,median_regret,std_regret,se_regret,ci95_lower,ci95_upper,n_seeds,mean_queries,mean_tokens
cts,synthetic_bernoulli,none,0.0,20,5,1000,139.3876434985635,134.52133339759538,16.283443235028354,9.401250335077613,120.96119284181138,157.81409415531562,3,0.0,0.0
cucb,synthetic_bernoulli,none,0.0,20,5,1000,336.9304854525143,340.2132887916402,7.061781453882782,4.077121423357526,328.9393274627336,344.9216434422951,3,0.0,0.0
llm_cucb_at,synthetic_bernoulli,consistent_wrong,1.0,20,5,1000,444.726880591171,450.26640231718915,42.354216301800534,24.45321818316017,396.79857295217704,492.6551882301649,3,2950.0,0.0
llm_cucb_at,synthetic_bernoulli,uniform,0.0,20,5,1000,400.04212156926707,347.6667351374572,147.37191228311082,85.08521322764395,233.27510364308506,566.8091394954492,3,2963.0,0.0
llm_cucb_at,synthetic_bernoulli,uniform,0.3,20,5,1000,372.91073227183523,387.4285391856127,39.741637141837714,22.944844901876447,327.9388362641574,417.8826282795131,3,2956.0,0.0
llm_greedy,synthetic_bernoulli,consistent_wrong,1.0,20,5,1000,866.9618585257749,781.1404754254459,170.39089882188796,98.37523130227927,674.1464051733076,1059.7773118782422,3,3000.0,0.0
llm_greedy,synthetic_bernoulli,uniform,0.0,20,5,1000,800.9743762755205,1033.5240043372955,478.14509308382014,276.05719820364226,259.9022677963818,1342.046484754659,3,3000.0,0.0
llm_greedy,synthetic_bernoulli,uniform,0.3,20,5,1000,895.8982720745943,1052.5815734008142,358.97569450611917,207.25471385564074,489.67903291753845,1302.11751123165,3,3000.0,0.0
