{
  "sigmas": [
    0.05,
    0.1,
    0.2,
    0.5
  ],
  "mean": [
    1471.6536458333333,
    1515.3723876953125,
    2399.222440592448,
    3978.0329427083334
  ],
  "std": [
    144.0850261163287,
    192.19980030859313,
    314.4632565231656,
    215.5677426702168
  ]
}