{
  "T_inits": [
    50,
    100,
    200,
    500,
    1000
  ],
  "perfect": [
    1257.8960408528646,
    1271.1836547851562,
    1337.9735595703125,
    1730.7569295247397,
    2781.172542317708
  ],
  "perfect_std": [
    188.03273212710974,
    210.15525849515862,
    228.6558750713777,
    69.2405789403178,
    97.8110410791117
  ],
  "consistent_wrong": [
    1488.7514526367188,
    1502.43447265625,
    1512.000732421875,
    2001.0007202148438,
    2946.3826497395835
  ],
  "consistent_wrong_std": [
    183.17404071274507,
    162.73748814108188,
    132.47237461274509,
    172.9308689410931,
    148.0688805373357
  ]
}