{
  "T": [
    2000,
    5000,
    10000,
    20000,
    30000
  ],
  "cucb": [
    2201.1261311848957,
    3641.833951822917,
    4831.961490885416,
    6058.044189453125,
    6874.068701171875
  ],
  "llm_cucb_at": [
    2041.3856811523438,
    4408.692106119792,
    7820.082845052083,
    14037.239322916666,
    19770.675260416665
  ],
  "pool_cts_cg_sigma01": [
    1010.5254536946615,
    1244.6260620117187,
    1376.2106282552083,
    1516.5967041015624,
    1711.3252522786458
  ]
}