{
  "perfect": {
    "cucb": {
      "mean": 6101.231259765625,
      "std": 175.1906839387712,
      "elapsed_s": 4.2
    },
    "cts": {
      "mean": 1380.6586767578126,
      "std": 182.9405835150658,
      "elapsed_s": 13.1
    },
    "corrupt_robust_cucb": {
      "mean": 6101.368212890625,
      "std": 142.1909979411787,
      "elapsed_s": 4.4
    },
    "exp4": {
      "mean": 680.946170539856,
      "std": 1829.6522038259416,
      "elapsed_s": 6.2
    },
    "llm_cucb_at": {
      "mean": 1851.4804907226562,
      "std": 335.6150472222265,
      "elapsed_s": 8.2
    },
    "llm_greedy": {
      "mean": 0.0,
      "std": 0.0,
      "elapsed_s": 2.3
    },
    "ellm_adapted": {
      "mean": 23.76623805999756,
      "std": 1.1501169915528363e-06,
      "elapsed_s": 5.1
    },
    "opro_bandit": {
      "mean": 0.0,
      "std": 0.0,
      "elapsed_s": 2.1
    },
    "warm_start_cts": {
      "mean": 1186.4589123535156,
      "std": 104.2439833427208,
      "elapsed_s": 11.1
    },
    "pool_cts": {
      "mean": 459.6378411865234,
      "std": 112.90884100136284,
      "elapsed_s": 17.5
    },
    "pool_cts_cg_sigma01": {
      "mean": 1288.1771313476563,
      "std": 161.29091542944064,
      "elapsed_s": 54.1
    }
  },
  "uniform_0.3": {
    "cucb": {
      "mean": 6144.188173828125,
      "std": 157.92526474806832,
      "elapsed_s": 18.6
    },
    "cts": {
      "mean": 1418.6268188476563,
      "std": 237.51777172089328,
      "elapsed_s": 20.0
    },
    "corrupt_robust_cucb": {
      "mean": 6138.11791015625,
      "std": 155.23361535391822,
      "elapsed_s": 4.2
    },
    "exp4": {
      "mean": 13129.734169921874,
      "std": 2820.0385593276374,
      "elapsed_s": 8.1
    },
    "llm_cucb_at": {
      "mean": 6085.387275390625,
      "std": 134.58212593674764,
      "elapsed_s": 11.3
    },
    "llm_greedy": {
      "mean": 14290.78642578125,
      "std": 169.18560743659327,
      "elapsed_s": 5.5
    },
    "ellm_adapted": {
      "mean": 23.836930503845213,
      "std": 0.1922551434329508,
      "elapsed_s": 7.0
    },
    "opro_bandit": {
      "mean": 14238.072421875,
      "std": 172.7523071906058,
      "elapsed_s": 5.4
    },
    "warm_start_cts": {
      "mean": 1250.4750048828125,
      "std": 160.4813122372458,
      "elapsed_s": 11.0
    },
    "pool_cts": {
      "mean": 385.6981231689453,
      "std": 82.77174931680962,
      "elapsed_s": 9.6
    },
    "pool_cts_cg_sigma01": {
      "mean": 1315.1336645507813,
      "std": 157.57853080175173,
      "elapsed_s": 12.2
    }
  },
  "uniform_0.5": {
    "cucb": {
      "mean": 6131.1012890625,
      "std": 137.37078702091924,
      "elapsed_s": 4.2
    },
    "cts": {
      "mean": 1429.9166748046875,
      "std": 217.23850087846964,
      "elapsed_s": 11.2
    },
    "corrupt_robust_cucb": {
      "mean": 6098.5630078125,
      "std": 161.00825649213652,
      "elapsed_s": 4.3
    },
    "exp4": {
      "mean": 12889.967998046875,
      "std": 7628.597023133944,
      "elapsed_s": 9.0
    },
    "llm_cucb_at": {
      "mean": 6131.288994140625,
      "std": 143.40766319491354,
      "elapsed_s": 12.2
    },
    "llm_greedy": {
      "mean": 23787.10640625,
      "std": 142.99326417343795,
      "elapsed_s": 6.2
    },
    "ellm_adapted": {
      "mean": 24.484094009399413,
      "std": 1.1965458593296467,
      "elapsed_s": 8.3
    },
    "opro_bandit": {
      "mean": 23725.4313671875,
      "std": 164.32911432160228,
      "elapsed_s": 6.1
    },
    "warm_start_cts": {
      "mean": 1286.0824084472656,
      "std": 186.9840119248121,
      "elapsed_s": 11.2
    },
    "pool_cts": {
      "mean": 518.7835260009765,
      "std": 914.6401100922672,
      "elapsed_s": 14.5
    },
    "pool_cts_cg_sigma01": {
      "mean": 1298.1753588867186,
      "std": 165.2937559457794,
      "elapsed_s": 12.8
    }
  },
  "consistent_wrong": {
    "cucb": {
      "mean": 6117.292900390625,
      "std": 194.4730103159863,
      "elapsed_s": 4.3
    },
    "cts": {
      "mean": 1383.218720703125,
      "std": 236.21471991917463,
      "elapsed_s": 17.1
    },
    "corrupt_robust_cucb": {
      "mean": 6101.502783203125,
      "std": 165.87405120012662,
      "elapsed_s": 4.3
    },
    "exp4": {
      "mean": 14026.440576171875,
      "std": 2311.883047690238,
      "elapsed_s": 5.6
    },
    "llm_cucb_at": {
      "mean": 14009.9905859375,
      "std": 190.74589944291785,
      "elapsed_s": 8.3
    },
    "llm_greedy": {
      "mean": 14594.9970703125,
      "std": 0.0,
      "elapsed_s": 1.8
    },
    "ellm_adapted": {
      "mean": 14611.4560546875,
      "std": 0.0,
      "elapsed_s": 4.6
    },
    "opro_bandit": {
      "mean": 14594.9970703125,
      "std": 0.0,
      "elapsed_s": 1.8
    },
    "warm_start_cts": {
      "mean": 1383.3625317382812,
      "std": 193.4711337673583,
      "elapsed_s": 11.4
    },
    "pool_cts": {
      "mean": 9323.129755859374,
      "std": 728.7915688991689,
      "elapsed_s": 9.4
    },
    "pool_cts_cg_sigma01": {
      "mean": 1598.0987670898437,
      "std": 298.1492788587601,
      "elapsed_s": 12.0
    }
  },
  "adversarial_0.3": {
    "cucb": {
      "mean": 6091.99931640625,
      "std": 167.58372191916962,
      "elapsed_s": 4.2
    },
    "cts": {
      "mean": 1376.4995776367186,
      "std": 121.00692797207623,
      "elapsed_s": 10.9
    },
    "corrupt_robust_cucb": {
      "mean": 6156.971611328125,
      "std": 150.68034859286868,
      "elapsed_s": 4.4
    },
    "exp4": {
      "mean": 24325.839375,
      "std": 5256.916225669461,
      "elapsed_s": 7.0
    },
    "llm_cucb_at": {
      "mean": 6283.920068359375,
      "std": 155.33774058796158,
      "elapsed_s": 9.7
    },
    "llm_greedy": {
      "mean": 25583.718359375,
      "std": 279.6523156686602,
      "elapsed_s": 2.6
    },
    "ellm_adapted": {
      "mean": 25.990597190856935,
      "std": 4.004404308121087,
      "elapsed_s": 5.2
    },
    "opro_bandit": {
      "mean": 25713.83515625,
      "std": 249.2069596838796,
      "elapsed_s": 2.6
    },
    "warm_start_cts": {
      "mean": 1290.6846484375,
      "std": 186.31710530526644,
      "elapsed_s": 11.2
    },
    "pool_cts": {
      "mean": 335.4502282714844,
      "std": 55.47081171499133,
      "elapsed_s": 9.5
    },
    "pool_cts_cg_sigma01": {
      "mean": 1300.9273046875,
      "std": 211.70078961254038,
      "elapsed_s": 12.2
    }
  }
}