{
  "uniform": {
    "cts": {
      "perfect": {
        "mean": 1393.0792846679688,
        "std": 131.99959385434073,
        "elapsed_s": 6.7
      },
      "uniform_0.3": {
        "mean": 1408.3731323242187,
        "std": 194.0724343809378,
        "elapsed_s": 6.6
      },
      "consistent_wrong": {
        "mean": 1382.0261352539062,
        "std": 110.47673049740865,
        "elapsed_s": 6.5
      },
      "adversarial_0.3": {
        "mean": 1444.8932657877604,
        "std": 261.4661706030643,
        "elapsed_s": 6.7
      }
    },
    "pool_cts": {
      "perfect": {
        "mean": 411.431489054362,
        "std": 75.94340532751208,
        "elapsed_s": 6.5
      },
      "uniform_0.3": {
        "mean": 389.64141235351565,
        "std": 74.32837484048301,
        "elapsed_s": 6.3
      },
      "consistent_wrong": {
        "mean": 9082.386897786459,
        "std": 829.9804265843793,
        "elapsed_s": 6.2
      },
      "adversarial_0.3": {
        "mean": 365.0888437906901,
        "std": 89.99163350216608,
        "elapsed_s": 6.3
      }
    },
    "pool_cts_cg_sigma01": {
      "perfect": {
        "mean": 1300.105448404948,
        "std": 94.3895535437558,
        "elapsed_s": 7.3
      },
      "uniform_0.3": {
        "mean": 1268.4393717447917,
        "std": 83.18139932054807,
        "elapsed_s": 7.6
      },
      "consistent_wrong": {
        "mean": 1473.4777954101562,
        "std": 135.8195028166612,
        "elapsed_s": 7.2
      },
      "adversarial_0.3": {
        "mean": 1286.5359659830729,
        "std": 81.07124301417363,
        "elapsed_s": 8.1
      }
    }
  },
  "clustered": {
    "cts": {
      "perfect": {
        "mean": 837.8327901204427,
        "std": 40.336110417329174,
        "elapsed_s": 6.9
      },
      "uniform_0.3": {
        "mean": 817.1924112955729,
        "std": 33.22893320674784,
        "elapsed_s": 7.0
      },
      "consistent_wrong": {
        "mean": 831.7883931477865,
        "std": 39.73489275084614,
        "elapsed_s": 8.2
      },
      "adversarial_0.3": {
        "mean": 831.7636271158855,
        "std": 41.81125282619357,
        "elapsed_s": 6.9
      }
    },
    "pool_cts": {
      "perfect": {
        "mean": 227.51205037434895,
        "std": 35.030567772507375,
        "elapsed_s": 6.3
      },
      "uniform_0.3": {
        "mean": 226.39510345458984,
        "std": 29.534316381906585,
        "elapsed_s": 6.4
      },
      "consistent_wrong": {
        "mean": 59454.237630208336,
        "std": 2897.624855114382,
        "elapsed_s": 6.4
      },
      "adversarial_0.3": {
        "mean": 214.28004709879556,
        "std": 24.173702744027214,
        "elapsed_s": 6.9
      }
    },
    "pool_cts_cg_sigma01": {
      "perfect": {
        "mean": 948.4032348632812,
        "std": 32.25544680051609,
        "elapsed_s": 7.9
      },
      "uniform_0.3": {
        "mean": 951.7594177246094,
        "std": 30.51525538138206,
        "elapsed_s": 7.7
      },
      "consistent_wrong": {
        "mean": 983.9971150716145,
        "std": 27.877016465659974,
        "elapsed_s": 8.1
      },
      "adversarial_0.3": {
        "mean": 942.0289184570313,
        "std": 37.14287920035582,
        "elapsed_s": 7.7
      }
    }
  },
  "graded": {
    "cts": {
      "perfect": {
        "mean": 1848.934708658854,
        "std": 194.4840924422479,
        "elapsed_s": 6.7
      },
      "uniform_0.3": {
        "mean": 1808.044482421875,
        "std": 205.82867080866797,
        "elapsed_s": 6.7
      },
      "consistent_wrong": {
        "mean": 1798.0202473958334,
        "std": 200.12029738179606,
        "elapsed_s": 6.6
      },
      "adversarial_0.3": {
        "mean": 1876.7684204101563,
        "std": 227.11453372129577,
        "elapsed_s": 6.9
      }
    },
    "pool_cts": {
      "perfect": {
        "mean": 504.5426554361979,
        "std": 103.68816142692117,
        "elapsed_s": 6.4
      },
      "uniform_0.3": {
        "mean": 577.6656656901042,
        "std": 137.6379042816536,
        "elapsed_s": 6.7
      },
      "consistent_wrong": {
        "mean": 5294.564949544271,
        "std": 446.08455840544707,
        "elapsed_s": 6.9
      },
      "adversarial_0.3": {
        "mean": 420.29925333658855,
        "std": 113.34184562051017,
        "elapsed_s": 6.4
      }
    },
    "pool_cts_cg_sigma01": {
      "perfect": {
        "mean": 1542.2959757486979,
        "std": 139.42381416753219,
        "elapsed_s": 7.7
      },
      "uniform_0.3": {
        "mean": 1612.5532836914062,
        "std": 144.81082521372687,
        "elapsed_s": 7.9
      },
      "consistent_wrong": {
        "mean": 2134.651924641927,
        "std": 245.82015009577762,
        "elapsed_s": 7.6
      },
      "adversarial_0.3": {
        "mean": 1617.3071573893228,
        "std": 200.18423733151252,
        "elapsed_s": 7.6
      }
    }
  }
}