{
  "perfect": {
    "cucb": {
      "mean": 6833.550390625,
      "std": 177.89531911684597,
      "median": 6825.107421875,
      "elapsed_s": 6.4
    },
    "cts": {
      "mean": 1498.4207690429687,
      "std": 313.1875344209079,
      "median": 1450.6947021484375,
      "elapsed_s": 16.6
    },
    "llm_cucb_at": {
      "mean": 2193.013720703125,
      "std": 229.43947283340867,
      "median": 2165.2159423828125,
      "elapsed_s": 12.3
    },
    "pool_restrict": {
      "mean": 2025.6184228515624,
      "std": 137.47971386216608,
      "median": 2011.651123046875,
      "elapsed_s": 4.1
    },
    "div_trust": {
      "mean": 6830.1003515625,
      "std": 178.73554025770542,
      "median": 6808.24609375,
      "elapsed_s": 13.7
    },
    "div_trust_v2": {
      "mean": 2486.602561035156,
      "std": 287.0561464701539,
      "median": 2496.02978515625,
      "elapsed_s": 12.2
    },
    "pool_with_trust": {
      "mean": 6235.12890625,
      "std": 200.2054113107373,
      "median": 6233.0234375,
      "elapsed_s": 6.3
    },
    "pool_cts": {
      "mean": 462.7987359619141,
      "std": 125.39982953434446,
      "median": 427.86962890625,
      "elapsed_s": 14.0
    },
    "adaptive_pool": {
      "mean": 6097.89271484375,
      "std": 159.750096108285,
      "median": 6110.83349609375,
      "elapsed_s": 6.4
    },
    "meta_bobw_warm": {
      "mean": 2596.6443017578126,
      "std": 423.89645333604636,
      "median": 2415.9222412109375,
      "elapsed_s": 25.5
    }
  },
  "uniform_0.1": {
    "cucb": {
      "mean": 6793.311513671875,
      "std": 184.43922120810362,
      "median": 6805.613525390625,
      "elapsed_s": 6.2
    },
    "cts": {
      "mean": 1470.637666015625,
      "std": 230.55694283420135,
      "median": 1417.8720703125,
      "elapsed_s": 16.4
    },
    "llm_cucb_at": {
      "mean": 6836.661591796875,
      "std": 153.1961136697069,
      "median": 6821.828125,
      "elapsed_s": 14.8
    },
    "pool_restrict": {
      "mean": 1967.161982421875,
      "std": 173.52626634844012,
      "median": 1979.7232055664062,
      "elapsed_s": 4.2
    },
    "div_trust": {
      "mean": 6847.31365234375,
      "std": 177.88001578970318,
      "median": 6834.171142578125,
      "elapsed_s": 15.6
    },
    "div_trust_v2": {
      "mean": 6343.07400390625,
      "std": 201.78835395611875,
      "median": 6302.900390625,
      "elapsed_s": 15.4
    },
    "pool_with_trust": {
      "mean": 6279.977099609375,
      "std": 235.35615864955136,
      "median": 6280.0419921875,
      "elapsed_s": 6.3
    },
    "pool_cts": {
      "mean": 456.5625274658203,
      "std": 143.72446265970737,
      "median": 434.88218688964844,
      "elapsed_s": 14.2
    },
    "adaptive_pool": {
      "mean": 5970.8540234375,
      "std": 267.22806569359966,
      "median": 5991.252685546875,
      "elapsed_s": 6.2
    },
    "meta_bobw_warm": {
      "mean": 6801.049208984375,
      "std": 174.50104671867408,
      "median": 6779.463623046875,
      "elapsed_s": 29.0
    }
  },
  "uniform_0.3": {
    "cucb": {
      "mean": 6855.20970703125,
      "std": 196.35472806144662,
      "median": 6824.44287109375,
      "elapsed_s": 6.0
    },
    "cts": {
      "mean": 1470.4653759765624,
      "std": 260.24700682277165,
      "median": 1433.2561645507812,
      "elapsed_s": 16.3
    },
    "llm_cucb_at": {
      "mean": 6850.0436328125,
      "std": 173.09057838433006,
      "median": 6838.184814453125,
      "elapsed_s": 16.0
    },
    "pool_restrict": {
      "mean": 1886.2522241210938,
      "std": 220.10570935517194,
      "median": 1859.2686157226562,
      "elapsed_s": 4.2
    },
    "div_trust": {
      "mean": 7796.6932421875,
      "std": 157.83781686355303,
      "median": 7809.253662109375,
      "elapsed_s": 16.8
    },
    "div_trust_v2": {
      "mean": 9840.14947265625,
      "std": 189.16941349762882,
      "median": 9853.6123046875,
      "elapsed_s": 16.6
    },
    "pool_with_trust": {
      "mean": 6284.65052734375,
      "std": 196.54350214855413,
      "median": 6288.3720703125,
      "elapsed_s": 6.3
    },
    "pool_cts": {
      "mean": 414.92705810546875,
      "std": 100.94900446689758,
      "median": 396.9483184814453,
      "elapsed_s": 14.4
    },
    "adaptive_pool": {
      "mean": 5880.736728515625,
      "std": 263.6877654294623,
      "median": 5845.436767578125,
      "elapsed_s": 6.4
    },
    "meta_bobw_warm": {
      "mean": 6792.12595703125,
      "std": 210.1526209917831,
      "median": 6808.831298828125,
      "elapsed_s": 29.1
    }
  },
  "uniform_0.5": {
    "cucb": {
      "mean": 6843.1205859375,
      "std": 182.47758726487797,
      "median": 6844.49658203125,
      "elapsed_s": 6.0
    },
    "cts": {
      "mean": 1397.869921875,
      "std": 136.59921159712445,
      "median": 1386.3035888671875,
      "elapsed_s": 16.3
    },
    "llm_cucb_at": {
      "mean": 6873.282958984375,
      "std": 161.84054953537964,
      "median": 6849.254638671875,
      "elapsed_s": 17.3
    },
    "pool_restrict": {
      "mean": 1978.1792993164063,
      "std": 904.6093788924671,
      "median": 1861.29296875,
      "elapsed_s": 4.2
    },
    "div_trust": {
      "mean": 13073.07046875,
      "std": 180.26446424380356,
      "median": 13069.55322265625,
      "elapsed_s": 18.1
    },
    "div_trust_v2": {
      "mean": 13174.44806640625,
      "std": 212.85214698338558,
      "median": 13172.6201171875,
      "elapsed_s": 17.9
    },
    "pool_with_trust": {
      "mean": 6284.648671875,
      "std": 210.1387884156052,
      "median": 6275.90380859375,
      "elapsed_s": 6.3
    },
    "pool_cts": {
      "mean": 414.5326354980469,
      "std": 184.87316553055174,
      "median": 379.9254608154297,
      "elapsed_s": 14.4
    },
    "adaptive_pool": {
      "mean": 5819.346357421875,
      "std": 300.6819312163608,
      "median": 5807.53369140625,
      "elapsed_s": 6.3
    },
    "meta_bobw_warm": {
      "mean": 6850.978984375,
      "std": 168.7576240510726,
      "median": 6851.30078125,
      "elapsed_s": 30.7
    }
  },
  "consistent_wrong": {
    "cucb": {
      "mean": 6772.22662109375,
      "std": 199.2649424329976,
      "median": 6785.357177734375,
      "elapsed_s": 6.1
    },
    "cts": {
      "mean": 1503.0888671875,
      "std": 331.6800606542457,
      "median": 1417.7991943359375,
      "elapsed_s": 16.4
    },
    "llm_cucb_at": {
      "mean": 19771.4626953125,
      "std": 224.4009918423015,
      "median": 19773.1083984375,
      "elapsed_s": 12.2
    },
    "pool_restrict": {
      "mean": 15365.3675,
      "std": 1093.2716435918355,
      "median": 15875.2548828125,
      "elapsed_s": 4.2
    },
    "div_trust": {
      "mean": 6845.15396484375,
      "std": 177.7100051094983,
      "median": 6844.697021484375,
      "elapsed_s": 12.4
    },
    "div_trust_v2": {
      "mean": 6812.70341796875,
      "std": 215.54400743619613,
      "median": 6819.844482421875,
      "elapsed_s": 12.3
    },
    "pool_with_trust": {
      "mean": 6305.947412109375,
      "std": 182.733162998396,
      "median": 6279.734619140625,
      "elapsed_s": 6.3
    },
    "pool_cts": {
      "mean": 13178.867802734376,
      "std": 1566.257886711701,
      "median": 14176.1796875,
      "elapsed_s": 14.1
    },
    "adaptive_pool": {
      "mean": 18272.5333203125,
      "std": 1253.7386573488764,
      "median": 19001.3525390625,
      "elapsed_s": 6.3
    },
    "meta_bobw_warm": {
      "mean": 16681.0708203125,
      "std": 3711.2339927668663,
      "median": 18318.947265625,
      "elapsed_s": 25.5
    }
  },
  "adversarial_0.3": {
    "cucb": {
      "mean": 6794.352509765625,
      "std": 173.33006130053158,
      "median": 6799.501708984375,
      "elapsed_s": 6.2
    },
    "cts": {
      "mean": 1449.2920629882813,
      "std": 156.8619572298316,
      "median": 1435.8438720703125,
      "elapsed_s": 18.6
    },
    "llm_cucb_at": {
      "mean": 7158.367412109375,
      "std": 191.04937153476024,