{
  "perfect": {
    "cucb": {
      "mean": 6834.64369140625,
      "std": 184.08312323431295,
      "median": 6862.236083984375,
      "elapsed_s": 6.7
    },
    "cts": {
      "mean": 1460.3174145507812,
      "std": 184.51728193769523,
      "median": 1439.4436645507812,
      "elapsed_s": 16.5
    },
    "llm_cucb_at": {
      "mean": 2179.8559106445314,
      "std": 263.22805201339554,
      "median": 2165.0931396484375,
      "elapsed_s": 11.9
    },
    "meta_bobw": {
      "mean": 2487.3201098632812,
      "std": 382.9527761328184,
      "median": 2374.442138671875,
      "elapsed_s": 26.4
    },
    "explore_floor": {
      "mean": 4670.555244140625,
      "std": 219.58184447307005,
      "median": 4629.261962890625,
      "elapsed_s": 17.5
    },
    "pool_restrict": {
      "mean": 2074.8916284179686,
      "std": 152.02307827206548,
      "median": 2069.4249267578125,
      "elapsed_s": 4.2
    },
    "div_trust": {
      "mean": 6873.51912109375,
      "std": 185.78676067129888,
      "median": 6848.503662109375,
      "elapsed_s": 14.0
    },
    "epoch_robust": {
      "mean": 2201.1689965820315,
      "std": 287.11724717792816,
      "median": 2122.204833984375,
      "elapsed_s": 17.2
    },
    "combined": {
      "mean": 8016.446357421875,
      "std": 175.64338149469972,
      "median": 8022.55078125,
      "elapsed_s": 26.6
    }
  },
  "uniform_0.2": {
    "cucb": {
      "mean": 6819.92541015625,
      "std": 199.89917376813028,
      "median": 6831.49951171875,
      "elapsed_s": 6.3
    },
    "cts": {
      "mean": 1506.1351318359375,
      "std": 305.79289189916733,
      "median": 1445.919921875,
      "elapsed_s": 16.5
    },
    "llm_cucb_at": {
      "mean": 6826.568017578125,
      "std": 150.04245445073346,
      "median": 6840.412841796875,
      "elapsed_s": 15.6
    },
    "meta_bobw": {
      "mean": 6784.8934375,
      "std": 166.30874584144175,
      "median": 6785.359375,
      "elapsed_s": 29.7
    },
    "explore_floor": {
      "mean": 8026.685537109375,
      "std": 159.15443794444286,
      "median": 8003.39208984375,
      "elapsed_s": 21.6
    },
    "pool_restrict": {
      "mean": 1899.97984375,
      "std": 189.79202292161898,
      "median": 1880.7359619140625,
      "elapsed_s": 4.5
    },
    "div_trust": {
      "mean": 6969.01185546875,
      "std": 170.37025077142414,
      "median": 6982.56396484375,
      "elapsed_s": 17.8
    },
    "epoch_robust": {
      "mean": 6822.986298828125,
      "std": 161.13815828358346,
      "median": 6837.0,
      "elapsed_s": 22.6
    },
    "combined": {
      "mean": 8136.8223828125,
      "std": 167.3469980715602,
      "median": 8123.6044921875,
      "elapsed_s": 32.4
    }
  },
  "uniform_0.5": {
    "cucb": {
      "mean": 6840.13439453125,
      "std": 181.18598519521515,
      "median": 6848.138916015625,
      "elapsed_s": 6.4
    },
    "cts": {
      "mean": 1438.111767578125,
      "std": 121.21082667090425,
      "median": 1409.0709228515625,
      "elapsed_s": 17.4
    },
    "llm_cucb_at": {
      "mean": 6843.1789453125,
      "std": 182.73391352565443,
      "median": 6837.243896484375,
      "elapsed_s": 19.6
    },
    "meta_bobw": {
      "mean": 6806.05580078125,
      "std": 179.17223964950568,
      "median": 6821.45166015625,
      "elapsed_s": 30.8
    },
    "explore_floor": {
      "mean": 8032.578798828125,
      "std": 215.15694055944567,
      "median": 8002.892822265625,
      "elapsed_s": 22.1
    },
    "pool_restrict": {
      "mean": 2090.950100097656,
      "std": 1567.068803739055,
      "median": 1877.5655517578125,
      "elapsed_s": 4.2
    },
    "div_trust": {
      "mean": 13137.46333984375,
      "std": 218.1609711547475,
      "median": 13159.0283203125,
      "elapsed_s": 18.2
    },
    "epoch_robust": {
      "mean": 6840.809140625,
      "std": 183.9740803108819,
      "median": 6832.871826171875,
      "elapsed_s": 22.9
    },
    "combined": {
      "mean": 8485.471337890625,
      "std": 677.5633868654079,
      "median": 8340.521484375,
      "elapsed_s": 30.8
    }
  },
  "consistent_wrong": {
    "cucb": {
      "mean": 6812.014697265625,
      "std": 193.8800086720713,
      "median": 6831.82763671875,
      "elapsed_s": 6.0
    },
    "cts": {
      "mean": 1492.4033984375,
      "std": 290.5077771128181,
      "median": 1420.759765625,
      "elapsed_s": 16.4
    },
    "llm_cucb_at": {
      "mean": 19784.3827734375,
      "std": 213.5334073856264,
      "median": 19770.4765625,
      "elapsed_s": 12.0
    },
    "meta_bobw": {
      "mean": 15643.0504296875,
      "std": 4377.038831484158,
      "median": 17376.623046875,
      "elapsed_s": 24.4
    },
    "explore_floor": {
      "mean": 20492.04265625,
      "std": 208.21154834016062,
      "median": 20497.986328125,
      "elapsed_s": 16.1
    },
    "pool_restrict": {
      "mean": 15390.04314453125,
      "std": 1185.355199267328,
      "median": 15867.203125,
      "elapsed_s": 4.1
    },
    "div_trust": {
      "mean": 6843.96654296875,
      "std": 170.7401962297578,
      "median": 6848.71923828125,
      "elapsed_s": 12.3
    },
    "epoch_robust": {
      "mean": 14905.9165234375,
      "std": 370.2788698663574,
      "median": 14891.7236328125,
      "elapsed_s": 16.3
    },
    "combined": {
      "mean": 8067.265732421875,
      "std": 173.96745157329897,
      "median": 8076.508544921875,
      "elapsed_s": 24.9
    }
  },
  "adversarial_0.3": {
    "cucb": {
      "mean": 6818.8573828125,
      "std": 198.11882627662172,
      "median": 6803.068359375,
      "elapsed_s": 6.1
    },
    "cts": {
      "mean": 1506.998203125,
      "std": 279.9366262428953,
      "median": 1425.942138671875,
      "elapsed_s": 16.4
    },
    "llm_cucb_at": {
      "mean": 7163.243603515625,
      "std": 203.80790208402945,
      "median": 7181.13134765625,
      "elapsed_s": 14.4
    },
    "meta_bobw": {
      "mean": 7124.85078125,
      "std": 242.65101715838006,
      "median": 7100.08251953125,
      "elapsed_s": 27.3
    },
    "explore_floor": {
      "mean": 8632.24580078125,
      "std": 172.4741008178577,
      "median": 8651.9345703125,
      "elapsed_s": 18.6
    },
    "pool_restrict": {
      "mean": 1685.945322265625,
      "std": 115.49395705194729,
      "median": 1675.3280029296875,
      "elapsed_s": 4.2
    },
    "div_trust": {
      "mean": 13731.9909765625,
      "std": 526.640770948287,
      "median": 13828.4638671875,
      "elapsed_s": 14.5
    },
    "epoch_robust": {
      "mean": 6844.78728515625,
      "std": 168.39330083213542,
      "median": 6847.583740234375,
      "elapsed_s": 19.8
    },
    "combined": {
      "mean": 9304.9790625,
      "std": 1323.8548341221485,
      "median": 8981.3154296875,
      "elapsed_s": 27.1
    }
  }
}