{
  "perfect": {
    "cucb": {
      "mean": 6818.2645703125,
      "std": 190.8834874053044,
      "median": 6822.026123046875,
      "elapsed_s": 6.4
    },
    "cts": {
      "mean": 1476.3988208007813,
      "std": 195.85735934687693,
      "median": 1449.9279174804688,
      "elapsed_s": 16.6
    },
    "pool_cts": {
      "mean": 492.09923889160154,
      "std": 304.64290359036954,
      "median": 432.2450256347656,
      "elapsed_s": 14.1
    },
    "pool_cts_ic50": {
      "mean": 1144.6788201904296,
      "std": 489.2486524922948,
      "median": 1329.06640625,
      "elapsed_s": 18.1
    },
    "pool_cts_ic50_40": {
      "mean": 1072.9638452148438,
      "std": 489.8425518791334,
      "median": 1318.2357177734375,
      "elapsed_s": 18.1
    },
    "pool_cts_ic100": {
      "mean": 634.8669982910156,
      "std": 151.6001899830374,
      "median": 615.1365051269531,
      "elapsed_s": 18.1
    },
    "pool_cts_ic100_40": {
      "mean": 829.3640118408204,
      "std": 378.78746300637386,
      "median": 645.9592895507812,
      "elapsed_s": 17.9
    },
    "pool_cts_ic150_40": {
      "mean": 860.82318359375,
      "std": 338.9085624161738,
      "median": 693.8828125,
      "elapsed_s": 18.1
    },
    "pool_cts_ic200": {
      "mean": 821.7146069335937,
      "std": 119.51950636355842,
      "median": 803.2005615234375,
      "elapsed_s": 17.8
    }
  },
  "uniform_0.3": {
    "cucb": {
      "mean": 6842.2672265625,
      "std": 182.97632697414352,
      "median": 6843.975830078125,
      "elapsed_s": 6.5
    },
    "cts": {
      "mean": 1429.4361743164063,
      "std": 150.457780798273,
      "median": 1414.9735717773438,
      "elapsed_s": 16.8
    },
    "pool_cts": {
      "mean": 363.88080139160155,
      "std": 83.94539649342666,
      "median": 354.5112609863281,
      "elapsed_s": 15.6
    },
    "pool_cts_ic50": {
      "mean": 1352.7514111328126,
      "std": 430.4498878283186,
      "median": 1433.8662109375,
      "elapsed_s": 19.3
    },
    "pool_cts_ic50_40": {
      "mean": 856.0714849853516,
      "std": 563.9264587976121,
      "median": 546.4683227539062,
      "elapsed_s": 18.3
    },
    "pool_cts_ic100": {
      "mean": 692.6699786376953,
      "std": 339.89458133460033,
      "median": 584.9007568359375,
      "elapsed_s": 17.9
    },
    "pool_cts_ic100_40": {
      "mean": 913.936791381836,
      "std": 484.6125772615704,
      "median": 602.7458801269531,
      "elapsed_s": 18.1
    },
    "pool_cts_ic150_40": {
      "mean": 785.2477844238281,
      "std": 322.0598285547406,
      "median": 668.9825439453125,
      "elapsed_s": 18.0
    },
    "pool_cts_ic200": {
      "mean": 834.0728918457031,
      "std": 376.2805832892598,
      "median": 745.0679931640625,
      "elapsed_s": 16.6
    }
  },
  "uniform_0.5": {
    "cucb": {
      "mean": 6835.841337890625,
      "std": 197.38947392554442,
      "median": 6818.368896484375,
      "elapsed_s": 6.4
    },
    "cts": {
      "mean": 1484.2960913085938,
      "std": 300.07104433957034,
      "median": 1434.0013427734375,
      "elapsed_s": 16.5
    },
    "pool_cts": {
      "mean": 914.4968612670898,
      "std": 2616.9139882534273,
      "median": 383.2062072753906,
      "elapsed_s": 14.4
    },
    "pool_cts_ic50": {
      "mean": 1232.3111059570313,
      "std": 483.8542246818104,
      "median": 1374.291015625,
      "elapsed_s": 18.3
    },
    "pool_cts_ic50_40": {
      "mean": 1104.888705444336,
      "std": 562.5608305983204,
      "median": 1377.8807983398438,
      "elapsed_s": 18.1
    },
    "pool_cts_ic100": {
      "mean": 637.2506121826171,
      "std": 244.22818042362525,
      "median": 564.8159790039062,
      "elapsed_s": 18.1
    },
    "pool_cts_ic100_40": {
      "mean": 993.6335314941406,
      "std": 520.1428889122601,
      "median": 672.1110534667969,
      "elapsed_s": 18.4
    },
    "pool_cts_ic150_40": {
      "mean": 826.8265905761718,
      "std": 456.5450248464986,
      "median": 667.38671875,
      "elapsed_s": 18.7
    },
    "pool_cts_ic200": {
      "mean": 778.7316638183594,
      "std": 160.34904405462746,
      "median": 740.7688293457031,
      "elapsed_s": 18.3
    }
  },
  "consistent_wrong": {
    "cucb": {
      "mean": 6805.11845703125,
      "std": 164.33495432094205,
      "median": 6792.72607421875,
      "elapsed_s": 6.3
    },
    "cts": {
      "mean": 1442.3427392578126,
      "std": 170.44462602282252,
      "median": 1427.2850952148438,
      "elapsed_s": 17.1
    },
    "pool_cts": {
      "mean": 13918.523125,
      "std": 1117.1844412379326,
      "median": 14264.68017578125,
      "elapsed_s": 14.4
    },
    "pool_cts_ic50": {
      "mean": 2883.5865234375,
      "std": 3970.3085613637313,
      "median": 1438.0316772460938,
      "elapsed_s": 18.2
    },
    "pool_cts_ic50_40": {
      "mean": 3338.5741772460938,
      "std": 4446.804197596988,
      "median": 1392.3123779296875,
      "elapsed_s": 18.0
    },
    "pool_cts_ic100": {
      "mean": 7260.664765625,
      "std": 5941.875484521643,
      "median": 5787.781799316406,
      "elapsed_s": 18.1
    },
    "pool_cts_ic100_40": {
      "mean": 5218.909794921875,
      "std": 5776.5567786922165,
      "median": 1515.5277709960938,
      "elapsed_s": 18.3
    },
    "pool_cts_ic150_40": {
      "mean": 5327.844165039062,
      "std": 5750.47638866895,
      "median": 1474.8497924804688,
      "elapsed_s": 18.7
    },
    "pool_cts_ic200": {
      "mean": 8160.9788427734375,
      "std": 6041.086777382837,
      "median": 12165.845703125,
      "elapsed_s": 17.9
    }
  },
  "adversarial_0.3": {
    "cucb": {
      "mean": 6829.45359375,
      "std": 206.6364197240616,
      "median": 6806.65771484375,
      "elapsed_s": 6.0
    },
    "cts": {
      "mean": 1494.1872973632812,
      "std": 310.6979658234121,
      "median": 1416.9971923828125,
      "elapsed_s": 16.7
    },
    "pool_cts": {
      "mean": 343.12488830566406,
      "std": 53.436805511245105,
      "median": 340.1249694824219,
      "elapsed_s": 14.4
    },
    "pool_cts_ic50": {
      "mean": 1132.8508990478515,
      "std": 514.3124249381923,
      "median": 1335.2438354492188,
      "elapsed_s": 17.9
    },
    "pool_cts_ic50_40": {
      "mean": 1094.598857421875,
      "std": 612.5809997819886,
      "median": 1339.7915649414062,
      "elapsed_s": 18.2
    },
    "pool_cts_ic100": {
      "mean": 614.1318115234375,
      "std": 278.24822706706505,
      "median": 530.8009033203125,
      "elapsed_s": 18.0
    },
    "pool_cts_ic100_40": {
      "mean": 841.4736163330078,
      "std": 441.77641453682304,
      "median": 561.6739807128906,
      "elapsed_s": 18.2
    },
    "pool_cts_ic150_40": {
      "mean": 841.1575866699219,
      "std": 417.5513365612446,
      "median": 609.3799743652344,
      "elapsed_s": 18.4
    },
    "pool_cts_ic200": {
      "mean": 822.2964367675781,
      "std": 275.6254658121748,
      "median": 697.69189453125,
      "elapsed_s": 17.7
    }
  }
}