{
  "perfect": {
    "cucb": {
      "mean": 6813.6852734375,
      "std": 171.94808161559615,
      "elapsed_s": 6.5
    },
    "cts": {
      "mean": 1459.0263305664062,
      "std": 323.3460833367327,
      "elapsed_s": 16.5
    },
    "pool_cts": {
      "mean": 442.6708428955078,
      "std": 97.56283309901552,
      "elapsed_s": 14.2
    },
    "pool_cts_ic1600": {
      "mean": 3968.0972119140624,
      "std": 57.119641596374656,
      "elapsed_s": 15.4
    },
    "pool_cts_etc": {
      "mean": 785.9152917480469,
      "std": 93.70147985374882,
      "elapsed_s": 29.3
    }
  },
  "uniform_0.3": {
    "cucb": {
      "mean": 6842.877080078125,
      "std": 151.7879056688351,
      "elapsed_s": 6.3
    },
    "cts": {
      "mean": 1448.6749438476563,
      "std": 257.1208309129227,
      "elapsed_s": 16.6
    },
    "pool_cts": {
      "mean": 412.55365478515625,
      "std": 149.87292453193012,
      "elapsed_s": 14.3
    },
    "pool_cts_ic1600": {
      "mean": 3920.260498046875,
      "std": 78.28449801096944,
      "elapsed_s": 16.4
    },
    "pool_cts_etc": {
      "mean": 743.3049084472656,
      "std": 85.19813297035644,
      "elapsed_s": 29.3
    }
  },
  "uniform_0.5": {
    "cucb": {
      "mean": 6809.044873046875,
      "std": 143.24043314593217,
      "elapsed_s": 6.3
    },
    "cts": {
      "mean": 1417.6448852539063,
      "std": 131.89719489355963,
      "elapsed_s": 16.7
    },
    "pool_cts": {
      "mean": 427.0900927734375,
      "std": 126.78089729379043,
      "elapsed_s": 15.0
    },
    "pool_cts_ic1600": {
      "mean": 3907.6555126953126,
      "std": 67.32327759511445,
      "elapsed_s": 19.0
    },
    "pool_cts_etc": {
      "mean": 779.4165112304687,
      "std": 270.44777508049015,
      "elapsed_s": 31.3
    }
  },
  "consistent_wrong": {
    "cucb": {
      "mean": 6817.57970703125,
      "std": 203.9475707014332,
      "elapsed_s": 6.7
    },
    "cts": {
      "mean": 1487.4443481445312,
      "std": 233.45064600443519,
      "elapsed_s": 17.5
    },
    "pool_cts": {
      "mean": 13048.12630859375,
      "std": 1439.7790396344833,
      "elapsed_s": 15.1
    },
    "pool_cts_ic1600": {
      "mean": 4160.114038085938,
      "std": 78.16221996758144,
      "elapsed_s": 17.1
    },
    "pool_cts_etc": {
      "mean": 13365.97176513672,
      "std": 2208.4385530417617,
      "elapsed_s": 31.0
    }
  },
  "adversarial_0.3": {
    "cucb": {
      "mean": 6783.921953125,
      "std": 205.84076909554446,
      "elapsed_s": 6.7
    },
    "cts": {
      "mean": 1462.4565478515624,
      "std": 252.5970727870216,
      "elapsed_s": 17.7
    },
    "pool_cts": {
      "mean": 368.3480563354492,
      "std": 99.14783235758742,
      "elapsed_s": 14.9
    },
    "pool_cts_ic1600": {
      "mean": 3937.4983544921874,
      "std": 105.46540487205712,
      "elapsed_s": 18.3
    },
    "pool_cts_etc": {
      "mean": 692.8682824707031,
      "std": 76.97464349244844,
      "elapsed_s": 30.7
    }
  }
}